measurement_id,measured_at,workflow_repository,run_id,run_attempt,run_url,upstream_repository,upstream_ref,upstream_commit,commit_url,ghc,example,runner_os,runner_arch,runner_image,runner_image_version,configuration,benchmark,success,samples,startup_ms,setup_ms,user_time_ms,delayed_time_ms,first_build_ms,average_response_ms,total_time_ms,rules_built,rules_changed,rules_visited,rules_total,rule_edges,ghc_rebuilds,max_residency_mb,allocated_mb
soulomoon/haskell-language-server:31681411195:1:observer-benchmark-cabal-ghc-9.12,2026-08-13T08:56:13.263536Z,soulomoon/haskell-language-server,31681411195,1,https://github.com/soulomoon/haskell-language-server/actions/runs/31681411195,haskell/haskell-language-server,master,16bf0466293daabac6f216d2af7e5bccbb91fcc1,https://github.com/haskell/haskell-language-server/commit/16bf0466293daabac6f216d2af7e5bccbb91fcc1,9.12,cabal,Linux,X64,ubuntu24,20260720.247.2,All,edit-header,True,50,2.62,0.0,22.31,0.08,1.95,0.21,22.39,18,15,1181,2743,9662,51,194.0,64013.0
soulomoon/haskell-language-server:31681411195:1:observer-benchmark-cabal-ghc-9.12,2026-08-13T08:56:13.263536Z,soulomoon/haskell-language-server,31681411195,1,https://github.com/soulomoon/haskell-language-server/actions/runs/31681411195,haskell/haskell-language-server,master,16bf0466293daabac6f216d2af7e5bccbb91fcc1,https://github.com/haskell/haskell-language-server/commit/16bf0466293daabac6f216d2af7e5bccbb91fcc1,9.12,cabal,Linux,X64,ubuntu24,20260720.247.2,All,edit,True,50,1.44,0.0,22.15,0.07,1.5,0.21,22.23,16,14,1178,2743,9662,51,194.0,64691.0
soulomoon/haskell-language-server:31681411195:1:observer-benchmark-cabal-ghc-9.12,2026-08-13T08:56:13.263536Z,soulomoon/haskell-language-server,31681411195,1,https://github.com/soulomoon/haskell-language-server/actions/runs/31681411195,haskell/haskell-language-server,master,16bf0466293daabac6f216d2af7e5bccbb91fcc1,https://github.com/haskell/haskell-language-server/commit/16bf0466293daabac6f216d2af7e5bccbb91fcc1,9.12,cabal,Linux,X64,ubuntu24,20260720.247.2,All,hover,True,50,1.47,0.0,1.27,0.01,1.19,0.0,1.29,1463,1462,1464,2744,9666,2,142.0,5821.0
soulomoon/haskell-language-server:31681411195:1:observer-benchmark-cabal-ghc-9.12,2026-08-13T08:56:13.263536Z,soulomoon/haskell-language-server,31681411195,1,https://github.com/soulomoon/haskell-language-server/actions/runs/31681411195,haskell/haskell-language-server,master,16bf0466293daabac6f216d2af7e5bccbb91fcc1,https://github.com/haskell/haskell-language-server/commit/16bf0466293daabac6f216d2af7e5bccbb91fcc1,9.12,cabal,Linux,X64,ubuntu24,20260720.247.2,All,semanticTokens,True,50,1.46,0.0,36.71,0.07,1.9,0.36,36.79,13,11,1178,2747,9674,52,198.0,102202.0
soulomoon/haskell-language-server:31681411195:1:observer-benchmark-cabal-ghc-9.12,2026-08-13T08:56:13.263536Z,soulomoon/haskell-language-server,31681411195,1,https://github.com/soulomoon/haskell-language-server/actions/runs/31681411195,haskell/haskell-language-server,master,16bf0466293daabac6f216d2af7e5bccbb91fcc1,https://github.com/haskell/haskell-language-server/commit/16bf0466293daabac6f216d2af7e5bccbb91fcc1,9.12,cabal,Linux,X64,ubuntu24,20260720.247.2,All,semanticTokens after typing burst,True,50,1.54,0.0,79.4,0.19,2.5,0.78,79.59,24,21,1187,2747,9674,222,202.0,252461.0
soulomoon/haskell-language-server:31681411195:1:observer-benchmark-cabal-ghc-9.12,2026-08-13T08:56:13.263536Z,soulomoon/haskell-language-server,31681411195,1,https://github.com/soulomoon/haskell-language-server/actions/runs/31681411195,haskell/haskell-language-server,master,16bf0466293daabac6f216d2af7e5bccbb91fcc1,https://github.com/haskell/haskell-language-server/commit/16bf0466293daabac6f216d2af7e5bccbb91fcc1,9.12,cabal,Linux,X64,ubuntu24,20260720.247.2,All,hover after edit,True,50,1.66,0.0,1.69,19.37,1.35,0.0,21.07,21,18,1184,2744,9666,51,201.0,64564.0
soulomoon/haskell-language-server:31681411195:1:observer-benchmark-cabal-ghc-9.12,2026-08-13T08:56:13.263536Z,soulomoon/haskell-language-server,31681411195,1,https://github.com/soulomoon/haskell-language-server/actions/runs/31681411195,haskell/haskell-language-server,master,16bf0466293daabac6f216d2af7e5bccbb91fcc1,https://github.com/haskell/haskell-language-server/commit/16bf0466293daabac6f216d2af7e5bccbb91fcc1,9.12,cabal,Linux,X64,ubuntu24,20260720.247.2,All,hover after typing burst,True,50,1.76,0.0,55.75,18.78,2.67,0.54,74.54,21,18,1152,2744,9666,214,203.0,238486.0
soulomoon/haskell-language-server:31681411195:1:observer-benchmark-cabal-ghc-9.12,2026-08-13T08:56:13.263536Z,soulomoon/haskell-language-server,31681411195,1,https://github.com/soulomoon/haskell-language-server/actions/runs/31681411195,haskell/haskell-language-server,master,16bf0466293daabac6f216d2af7e5bccbb91fcc1,https://github.com/haskell/haskell-language-server/commit/16bf0466293daabac6f216d2af7e5bccbb91fcc1,9.12,cabal,Linux,X64,ubuntu24,20260720.247.2,All,getDefinition,True,50,1.48,0.0,1.74,0.02,1.64,0.0,1.77,1535,1534,1536,2747,9672,2,117.0,6097.0
soulomoon/haskell-language-server:31681411195:1:observer-benchmark-cabal-ghc-9.12,2026-08-13T08:56:13.263536Z,soulomoon/haskell-language-server,31681411195,1,https://github.com/soulomoon/haskell-language-server/actions/runs/31681411195,haskell/haskell-language-server,master,16bf0466293daabac6f216d2af7e5bccbb91fcc1,https://github.com/haskell/haskell-language-server/commit/16bf0466293daabac6f216d2af7e5bccbb91fcc1,9.12,cabal,Linux,X64,ubuntu24,20260720.247.2,All,getDefinition after edit,True,50,1.85,0.0,2.71,18.64,1.67,0.01,21.35,20,17,1186,2747,9672,51,188.0,62742.0
soulomoon/haskell-language-server:31681411195:1:observer-benchmark-cabal-ghc-9.12,2026-08-13T08:56:13.263536Z,soulomoon/haskell-language-server,31681411195,1,https://github.com/soulomoon/haskell-language-server/actions/runs/31681411195,haskell/haskell-language-server,master,16bf0466293daabac6f216d2af7e5bccbb91fcc1,https://github.com/haskell/haskell-language-server/commit/16bf0466293daabac6f216d2af7e5bccbb91fcc1,9.12,cabal,Linux,X64,ubuntu24,20260720.247.2,All,getDefinition after typing burst,True,50,1.56,0.0,56.14,17.61,3.1,0.54,73.76,20,17,1186,2747,9672,212,204.0,228369.0
soulomoon/haskell-language-server:31681411195:1:observer-benchmark-cabal-ghc-9.12,2026-08-13T08:56:13.263536Z,soulomoon/haskell-language-server,31681411195,1,https://github.com/soulomoon/haskell-language-server/actions/runs/31681411195,haskell/haskell-language-server,master,16bf0466293daabac6f216d2af7e5bccbb91fcc1,https://github.com/haskell/haskell-language-server/commit/16bf0466293daabac6f216d2af7e5bccbb91fcc1,9.12,cabal,Linux,X64,ubuntu24,20260720.247.2,All,completions,True,50,1.65,0.0,2.28,0.02,1.44,0.01,2.31,1551,1550,1552,2745,9664,2,149.0,9391.0
soulomoon/haskell-language-server:31681411195:1:observer-benchmark-cabal-ghc-9.12,2026-08-13T08:56:13.263536Z,soulomoon/haskell-language-server,31681411195,1,https://github.com/soulomoon/haskell-language-server/actions/runs/31681411195,haskell/haskell-language-server,master,16bf0466293daabac6f216d2af7e5bccbb91fcc1,https://github.com/haskell/haskell-language-server/commit/16bf0466293daabac6f216d2af7e5bccbb91fcc1,9.12,cabal,Linux,X64,ubuntu24,20260720.247.2,All,completions after edit,True,50,1.55,0.0,6.75,15.38,1.72,0.05,22.14,22,19,1185,2745,9664,51,231.0,64011.0
soulomoon/haskell-language-server:31681411195:1:observer-benchmark-cabal-ghc-9.12,2026-08-13T08:56:13.263536Z,soulomoon/haskell-language-server,31681411195,1,https://github.com/soulomoon/haskell-language-server/actions/runs/31681411195,haskell/haskell-language-server,master,16bf0466293daabac6f216d2af7e5bccbb91fcc1,https://github.com/haskell/haskell-language-server/commit/16bf0466293daabac6f216d2af7e5bccbb91fcc1,9.12,cabal,Linux,X64,ubuntu24,20260720.247.2,All,completions after typing burst,True,50,1.47,0.0,59.97,14.77,2.73,0.58,74.74,22,19,1179,2745,9664,221,235.0,235217.0
soulomoon/haskell-language-server:31681411195:1:observer-benchmark-cabal-ghc-9.12,2026-08-13T08:56:13.263536Z,soulomoon/haskell-language-server,31681411195,1,https://github.com/soulomoon/haskell-language-server/actions/runs/31681411195,haskell/haskell-language-server,master,16bf0466293daabac6f216d2af7e5bccbb91fcc1,https://github.com/haskell/haskell-language-server/commit/16bf0466293daabac6f216d2af7e5bccbb91fcc1,9.12,cabal,Linux,X64,ubuntu24,20260720.247.2,All,code actions,True,50,1.77,0.0,2.39,0.02,1.43,0.01,2.42,1478,1477,1479,2771,9811,2,148.0,10422.0
soulomoon/haskell-language-server:31681411195:1:observer-benchmark-cabal-ghc-9.12,2026-08-13T08:56:13.263536Z,soulomoon/haskell-language-server,31681411195,1,https://github.com/soulomoon/haskell-language-server/actions/runs/31681411195,haskell/haskell-language-server,master,16bf0466293daabac6f216d2af7e5bccbb91fcc1,https://github.com/haskell/haskell-language-server/commit/16bf0466293daabac6f216d2af7e5bccbb91fcc1,9.12,cabal,Linux,X64,ubuntu24,20260720.247.2,All,code actions after edit,True,50,1.69,0.0,23.69,0.04,1.78,0.22,23.74,19,16,1182,2771,9811,51,158.0,69813.0
soulomoon/haskell-language-server:31681411195:1:observer-benchmark-cabal-ghc-9.12,2026-08-13T08:56:13.263536Z,soulomoon/haskell-language-server,31681411195,1,https://github.com/soulomoon/haskell-language-server/actions/runs/31681411195,haskell/haskell-language-server,master,16bf0466293daabac6f216d2af7e5bccbb91fcc1,https://github.com/haskell/haskell-language-server/commit/16bf0466293daabac6f216d2af7e5bccbb91fcc1,9.12,cabal,Linux,X64,ubuntu24,20260720.247.2,All,code actions after typing burst,True,50,1.65,0.0,73.31,0.9,2.54,0.72,74.22,23,19,1187,2771,9811,219,197.0,231449.0
soulomoon/haskell-language-server:31681411195:1:observer-benchmark-cabal-ghc-9.12,2026-08-13T08:56:13.263536Z,soulomoon/haskell-language-server,31681411195,1,https://github.com/soulomoon/haskell-language-server/actions/runs/31681411195,haskell/haskell-language-server,master,16bf0466293daabac6f216d2af7e5bccbb91fcc1,https://github.com/haskell/haskell-language-server/commit/16bf0466293daabac6f216d2af7e5bccbb91fcc1,9.12,cabal,Linux,X64,ubuntu24,20260720.247.2,All,code actions after cradle edit,False,50,1.93,0.0,0.0,0.0,0.0,0.0,2.73,2094,2011,2150,2768,9811,2,189.0,8993.0
soulomoon/haskell-language-server:31681411195:1:observer-benchmark-cabal-ghc-9.12,2026-08-13T08:56:13.263536Z,soulomoon/haskell-language-server,31681411195,1,https://github.com/soulomoon/haskell-language-server/actions/runs/31681411195,haskell/haskell-language-server,master,16bf0466293daabac6f216d2af7e5bccbb91fcc1,https://github.com/haskell/haskell-language-server/commit/16bf0466293daabac6f216d2af7e5bccbb91fcc1,9.12,cabal,Linux,X64,ubuntu24,20260720.247.2,All,documentSymbols after edit,True,50,1.49,0.0,11.89,2.99,1.61,0.12,14.89,11,9,1173,2743,9662,38,191.0,44714.0
soulomoon/haskell-language-server:31681411195:1:observer-benchmark-cabal-ghc-9.12,2026-08-13T08:56:13.263536Z,soulomoon/haskell-language-server,31681411195,1,https://github.com/soulomoon/haskell-language-server/actions/runs/31681411195,haskell/haskell-language-server,master,16bf0466293daabac6f216d2af7e5bccbb91fcc1,https://github.com/haskell/haskell-language-server/commit/16bf0466293daabac6f216d2af7e5bccbb91fcc1,9.12,cabal,Linux,X64,ubuntu24,20260720.247.2,All,documentSymbols after typing burst,True,50,1.47,0.0,64.84,3.27,2.57,0.65,68.11,16,13,1180,2743,9662,206,197.0,215572.0
soulomoon/haskell-language-server:31681411195:1:observer-benchmark-cabal-ghc-9.12,2026-08-13T08:56:13.263536Z,soulomoon/haskell-language-server,31681411195,1,https://github.com/soulomoon/haskell-language-server/actions/runs/31681411195,haskell/haskell-language-server,master,16bf0466293daabac6f216d2af7e5bccbb91fcc1,https://github.com/haskell/haskell-language-server/commit/16bf0466293daabac6f216d2af7e5bccbb91fcc1,9.12,cabal,Linux,X64,ubuntu24,20260720.247.2,All,hole fit suggestions,True,50,1.49,0.0,21.44,0.08,1.74,0.2,21.53,20,17,1183,2743,9662,51,162.0,63754.0
soulomoon/haskell-language-server:31681411195:1:observer-benchmark-cabal-ghc-9.12,2026-08-13T08:56:13.263536Z,soulomoon/haskell-language-server,31681411195,1,https://github.com/soulomoon/haskell-language-server/actions/runs/31681411195,haskell/haskell-language-server,master,16bf0466293daabac6f216d2af7e5bccbb91fcc1,https://github.com/haskell/haskell-language-server/commit/16bf0466293daabac6f216d2af7e5bccbb91fcc1,9.12,cabal,Linux,X64,ubuntu24,20260720.247.2,All,eval execute single-line code lens,True,50,1.44,0.0,36.47,1.49,11.86,0.25,37.97,4,3,1177,2924,12170,199,247.0,101227.0
soulomoon/haskell-language-server:31681411195:1:observer-benchmark-cabal-ghc-9.12,2026-08-13T08:56:13.263536Z,soulomoon/haskell-language-server,31681411195,1,https://github.com/soulomoon/haskell-language-server/actions/runs/31681411195,haskell/haskell-language-server,master,16bf0466293daabac6f216d2af7e5bccbb91fcc1,https://github.com/haskell/haskell-language-server/commit/16bf0466293daabac6f216d2af7e5bccbb91fcc1,9.12,cabal,Linux,X64,ubuntu24,20260720.247.2,All,eval execute multi-line code lens,True,50,1.62,0.0,35.88,0.96,9.69,0.27,36.84,4,3,565,2924,12105,134,260.0,97807.0
soulomoon/haskell-language-server:31681411195:1:observer-benchmark-cabal-ghc-9.14,2026-08-13T08:56:40.447681Z,soulomoon/haskell-language-server,31681411195,1,https://github.com/soulomoon/haskell-language-server/actions/runs/31681411195,haskell/haskell-language-server,master,16bf0466293daabac6f216d2af7e5bccbb91fcc1,https://github.com/haskell/haskell-language-server/commit/16bf0466293daabac6f216d2af7e5bccbb91fcc1,9.14,cabal,Linux,X64,ubuntu24,20260810.271.1,All,edit-header,True,50,2.45,0.0,14.83,0.02,0.89,0.14,14.86,15,12,1178,2738,9647,51,141.0,27596.0
soulomoon/haskell-language-server:31681411195:1:observer-benchmark-cabal-ghc-9.14,2026-08-13T08:56:40.447681Z,soulomoon/haskell-language-server,31681411195,1,https://github.com/soulomoon/haskell-language-server/actions/runs/31681411195,haskell/haskell-language-server,master,16bf0466293daabac6f216d2af7e5bccbb91fcc1,https://github.com/haskell/haskell-language-server/commit/16bf0466293daabac6f216d2af7e5bccbb91fcc1,9.14,cabal,Linux,X64,ubuntu24,20260810.271.1,All,edit,True,50,1.17,0.0,14.39,0.04,0.95,0.14,14.44,13,11,1175,2738,9647,51,177.0,27394.0
soulomoon/haskell-language-server:31681411195:1:observer-benchmark-cabal-ghc-9.14,2026-08-13T08:56:40.447681Z,soulomoon/haskell-language-server,31681411195,1,https://github.com/soulomoon/haskell-language-server/actions/runs/31681411195,haskell/haskell-language-server,master,16bf0466293daabac6f216d2af7e5bccbb91fcc1,https://github.com/haskell/haskell-language-server/commit/16bf0466293daabac6f216d2af7e5bccbb91fcc1,9.14,cabal,Linux,X64,ubuntu24,20260810.271.1,All,hover,True,50,1.22,0.0,0.99,0.02,0.92,0.0,1.01,1769,1768,1770,2739,9651,2,127.0,3325.0
soulomoon/haskell-language-server:31681411195:1:observer-benchmark-cabal-ghc-9.14,2026-08-13T08:56:40.447681Z,soulomoon/haskell-language-server,31681411195,1,https://github.com/soulomoon/haskell-language-server/actions/runs/31681411195,haskell/haskell-language-server,master,16bf0466293daabac6f216d2af7e5bccbb91fcc1,https://github.com/haskell/haskell-language-server/commit/16bf0466293daabac6f216d2af7e5bccbb91fcc1,9.14,cabal,Linux,X64,ubuntu24,20260810.271.1,All,semanticTokens,True,50,1.2,0.0,28.25,0.02,1.19,0.28,28.28,11,9,1176,2742,9659,52,182.0,44347.0
soulomoon/haskell-language-server:31681411195:1:observer-benchmark-cabal-ghc-9.14,2026-08-13T08:56:40.447681Z,soulomoon/haskell-language-server,31681411195,1,https://github.com/soulomoon/haskell-language-server/actions/runs/31681411195,haskell/haskell-language-server,master,16bf0466293daabac6f216d2af7e5bccbb91fcc1,https://github.com/haskell/haskell-language-server/commit/16bf0466293daabac6f216d2af7e5bccbb91fcc1,9.14,cabal,Linux,X64,ubuntu24,20260810.271.1,All,semanticTokens after typing burst,True,50,1.24,0.0,69.7,0.02,1.6,0.69,69.72,21,18,1184,2742,9659,249,187.0,127317.0
soulomoon/haskell-language-server:31681411195:1:observer-benchmark-cabal-ghc-9.14,2026-08-13T08:56:40.447681Z,soulomoon/haskell-language-server,31681411195,1,https://github.com/soulomoon/haskell-language-server/actions/runs/31681411195,haskell/haskell-language-server,master,16bf0466293daabac6f216d2af7e5bccbb91fcc1,https://github.com/haskell/haskell-language-server/commit/16bf0466293daabac6f216d2af7e5bccbb91fcc1,9.14,cabal,Linux,X64,ubuntu24,20260810.271.1,All,hover after edit,True,50,1.23,0.0,1.2,13.43,0.9,0.0,14.64,18,15,1181,2739,9651,51,185.0,29537.0
soulomoon/haskell-language-server:31681411195:1:observer-benchmark-cabal-ghc-9.14,2026-08-13T08:56:40.447681Z,soulomoon/haskell-language-server,31681411195,1,https://github.com/soulomoon/haskell-language-server/actions/runs/31681411195,haskell/haskell-language-server,master,16bf0466293daabac6f216d2af7e5bccbb91fcc1,https://github.com/haskell/haskell-language-server/commit/16bf0466293daabac6f216d2af7e5bccbb91fcc1,9.14,cabal,Linux,X64,ubuntu24,20260810.271.1,All,hover after typing burst,True,50,1.23,0.0,51.42,12.64,1.5,0.51,64.07,18,15,1181,2739,9651,249,185.0,123177.0
soulomoon/haskell-language-server:31681411195:1:observer-benchmark-cabal-ghc-9.14,2026-08-13T08:56:40.447681Z,soulomoon/haskell-language-server,31681411195,1,https://github.com/soulomoon/haskell-language-server/actions/runs/31681411195,haskell/haskell-language-server,master,16bf0466293daabac6f216d2af7e5bccbb91fcc1,https://github.com/haskell/haskell-language-server/commit/16bf0466293daabac6f216d2af7e5bccbb91fcc1,9.14,cabal,Linux,X64,ubuntu24,20260810.271.1,All,getDefinition,True,50,1.26,0.0,1.08,0.02,1.0,0.0,1.1,1667,1666,1668,2742,9657,2,126.0,3551.0
soulomoon/haskell-language-server:31681411195:1:observer-benchmark-cabal-ghc-9.14,2026-08-13T08:56:40.447681Z,soulomoon/haskell-language-server,31681411195,1,https://github.com/soulomoon/haskell-language-server/actions/runs/31681411195,haskell/haskell-language-server,master,16bf0466293daabac6f216d2af7e5bccbb91fcc1,https://github.com/haskell/haskell-language-server/commit/16bf0466293daabac6f216d2af7e5bccbb91fcc1,9.14,cabal,Linux,X64,ubuntu24,20260810.271.1,All,getDefinition after edit,True,50,1.22,0.0,1.68,11.96,1.01,0.01,13.65,17,14,1183,2742,9657,51,170.0,26813.0
soulomoon/haskell-language-server:31681411195:1:observer-benchmark-cabal-ghc-9.14,2026-08-13T08:56:40.447681Z,soulomoon/haskell-language-server,31681411195,1,https://github.com/soulomoon/haskell-language-server/actions/runs/31681411195,haskell/haskell-language-server,master,16bf0466293daabac6f216d2af7e5bccbb91fcc1,https://github.com/haskell/haskell-language-server/commit/16bf0466293daabac6f216d2af7e5bccbb91fcc1,9.14,cabal,Linux,X64,ubuntu24,20260810.271.1,All,getDefinition after typing burst,True,50,1.3,0.0,51.62,11.68,1.63,0.51,63.31,17,14,1183,2742,9657,249,185.0,120395.0
soulomoon/haskell-language-server:31681411195:1:observer-benchmark-cabal-ghc-9.14,2026-08-13T08:56:40.447681Z,soulomoon/haskell-language-server,31681411195,1,https://github.com/soulomoon/haskell-language-server/actions/runs/31681411195,haskell/haskell-language-server,master,16bf0466293daabac6f216d2af7e5bccbb91fcc1,https://github.com/haskell/haskell-language-server/commit/16bf0466293daabac6f216d2af7e5bccbb91fcc1,9.14,cabal,Linux,X64,ubuntu24,20260810.271.1,All,completions,True,50,1.21,0.0,1.92,0.02,1.15,0.01,1.94,1671,1670,1671,2740,9649,2,166.0,6538.0
soulomoon/haskell-language-server:31681411195:1:observer-benchmark-cabal-ghc-9.14,2026-08-13T08:56:40.447681Z,soulomoon/haskell-language-server,31681411195,1,https://github.com/soulomoon/haskell-language-server/actions/runs/31681411195,haskell/haskell-language-server,master,16bf0466293daabac6f216d2af7e5bccbb91fcc1,https://github.com/haskell/haskell-language-server/commit/16bf0466293daabac6f216d2af7e5bccbb91fcc1,9.14,cabal,Linux,X64,ubuntu24,20260810.271.1,All,completions after edit,True,50,1.2,0.0,4.29,10.01,1.11,0.03,14.31,19,16,1182,2740,9649,51,215.0,29919.0
soulomoon/haskell-language-server:31681411195:1:observer-benchmark-cabal-ghc-9.14,2026-08-13T08:56:40.447681Z,soulomoon/haskell-language-server,31681411195,1,https://github.com/soulomoon/haskell-language-server/actions/runs/31681411195,haskell/haskell-language-server,master,16bf0466293daabac6f216d2af7e5bccbb91fcc1,https://github.com/haskell/haskell-language-server/commit/16bf0466293daabac6f216d2af7e5bccbb91fcc1,9.14,cabal,Linux,X64,ubuntu24,20260810.271.1,All,completions after typing burst,True,50,1.27,0.0,54.42,9.95,1.84,0.54,64.38,19,16,1182,2740,9649,248,212.0,123239.0
soulomoon/haskell-language-server:31681411195:1:observer-benchmark-cabal-ghc-9.14,2026-08-13T08:56:40.447681Z,soulomoon/haskell-language-server,31681411195,1,https://github.com/soulomoon/haskell-language-server/actions/runs/31681411195,haskell/haskell-language-server,master,16bf0466293daabac6f216d2af7e5bccbb91fcc1,https://github.com/haskell/haskell-language-server/commit/16bf0466293daabac6f216d2af7e5bccbb91fcc1,9.14,cabal,Linux,X64,ubuntu24,20260810.271.1,All,code actions,True,50,1.21,0.0,1.12,0.02,0.9,0.0,1.15,1815,1814,1816,2767,9798,2,130.0,4154.0
soulomoon/haskell-language-server:31681411195:1:observer-benchmark-cabal-ghc-9.14,2026-08-13T08:56:40.447681Z,soulomoon/haskell-language-server,31681411195,1,https://github.com/soulomoon/haskell-language-server/actions/runs/31681411195,haskell/haskell-language-server,master,16bf0466293daabac6f216d2af7e5bccbb91fcc1,https://github.com/haskell/haskell-language-server/commit/16bf0466293daabac6f216d2af7e5bccbb91fcc1,9.14,cabal,Linux,X64,ubuntu24,20260810.271.1,All,code actions after edit,True,50,1.24,0.0,16.21,0.02,0.92,0.16,16.23,19,15,1183,2767,9798,51,179.0,30969.0
soulomoon/haskell-language-server:31681411195:1:observer-benchmark-cabal-ghc-9.14,2026-08-13T08:56:40.447681Z,soulomoon/haskell-language-server,31681411195,1,https://github.com/soulomoon/haskell-language-server/actions/runs/31681411195,haskell/haskell-language-server,master,16bf0466293daabac6f216d2af7e5bccbb91fcc1,https://github.com/haskell/haskell-language-server/commit/16bf0466293daabac6f216d2af7e5bccbb91fcc1,9.14,cabal,Linux,X64,ubuntu24,20260810.271.1,All,code actions after typing burst,True,50,1.24,0.0,62.04,0.09,1.52,0.62,62.14,20,16,1185,2767,9798,249,181.0,119203.0
soulomoon/haskell-language-server:31681411195:1:observer-benchmark-cabal-ghc-9.14,2026-08-13T08:56:40.447681Z,soulomoon/haskell-language-server,31681411195,1,https://github.com/soulomoon/haskell-language-server/actions/runs/31681411195,haskell/haskell-language-server,master,16bf0466293daabac6f216d2af7e5bccbb91fcc1,https://github.com/haskell/haskell-language-server/commit/16bf0466293daabac6f216d2af7e5bccbb91fcc1,9.14,cabal,Linux,X64,ubuntu24,20260810.271.1,All,code actions after cradle edit,False,50,1.26,0.0,0.0,0.0,0.0,0.0,1.98,2128,1977,2147,2762,9798,2,166.0,4951.0
soulomoon/haskell-language-server:31681411195:1:observer-benchmark-cabal-ghc-9.14,2026-08-13T08:56:40.447681Z,soulomoon/haskell-language-server,31681411195,1,https://github.com/soulomoon/haskell-language-server/actions/runs/31681411195,haskell/haskell-language-server,master,16bf0466293daabac6f216d2af7e5bccbb91fcc1,https://github.com/haskell/haskell-language-server/commit/16bf0466293daabac6f216d2af7e5bccbb91fcc1,9.14,cabal,Linux,X64,ubuntu24,20260810.271.1,All,documentSymbols after edit,True,50,1.22,0.0,5.05,1.82,0.88,0.05,6.88,13,11,1175,2733,9640,29,148.0,15670.0
soulomoon/haskell-language-server:31681411195:1:observer-benchmark-cabal-ghc-9.14,2026-08-13T08:56:40.447681Z,soulomoon/haskell-language-server,31681411195,1,https://github.com/soulomoon/haskell-language-server/actions/runs/31681411195,haskell/haskell-language-server,master,16bf0466293daabac6f216d2af7e5bccbb91fcc1,https://github.com/haskell/haskell-language-server/commit/16bf0466293daabac6f216d2af7e5bccbb91fcc1,9.14,cabal,Linux,X64,ubuntu24,20260810.271.1,All,documentSymbols after typing burst,True,50,1.11,0.0,55.56,1.46,1.54,0.55,57.03,13,13,1177,2738,9647,226,178.0,110245.0
soulomoon/haskell-language-server:31681411195:1:observer-benchmark-cabal-ghc-9.14,2026-08-13T08:56:40.447681Z,soulomoon/haskell-language-server,31681411195,1,https://github.com/soulomoon/haskell-language-server/actions/runs/31681411195,haskell/haskell-language-server,master,16bf0466293daabac6f216d2af7e5bccbb91fcc1,https://github.com/haskell/haskell-language-server/commit/16bf0466293daabac6f216d2af7e5bccbb91fcc1,9.14,cabal,Linux,X64,ubuntu24,20260810.271.1,All,hole fit suggestions,True,50,1.13,0.0,15.04,0.02,1.03,0.14,15.07,17,14,1180,2738,9647,51,144.0,28690.0
soulomoon/haskell-language-server:31681411195:1:observer-benchmark-cabal-ghc-9.14,2026-08-13T08:56:40.447681Z,soulomoon/haskell-language-server,31681411195,1,https://github.com/soulomoon/haskell-language-server/actions/runs/31681411195,haskell/haskell-language-server,master,16bf0466293daabac6f216d2af7e5bccbb91fcc1,https://github.com/haskell/haskell-language-server/commit/16bf0466293daabac6f216d2af7e5bccbb91fcc1,9.14,cabal,Linux,X64,ubuntu24,20260810.271.1,All,eval execute single-line code lens,False,50,0.0,0.0,0.0,0.0,0.0,0.0,0.0,0,0,0,0,0,0,245.0,38103.0
soulomoon/haskell-language-server:31681411195:1:observer-benchmark-cabal-ghc-9.14,2026-08-13T08:56:40.447681Z,soulomoon/haskell-language-server,31681411195,1,https://github.com/soulomoon/haskell-language-server/actions/runs/31681411195,haskell/haskell-language-server,master,16bf0466293daabac6f216d2af7e5bccbb91fcc1,https://github.com/haskell/haskell-language-server/commit/16bf0466293daabac6f216d2af7e5bccbb91fcc1,9.14,cabal,Linux,X64,ubuntu24,20260810.271.1,All,eval execute multi-line code lens,True,50,1.23,0.0,26.47,0.37,9.02,0.18,26.85,0,2,813,2921,12096,138,274.0,50854.0
soulomoon/haskell-language-server:31681411195:1:observer-benchmark-lsp-types-ghc-9.14,2026-08-13T09:04:26.024937Z,soulomoon/haskell-language-server,31681411195,1,https://github.com/soulomoon/haskell-language-server/actions/runs/31681411195,haskell/haskell-language-server,master,16bf0466293daabac6f216d2af7e5bccbb91fcc1,https://github.com/haskell/haskell-language-server/commit/16bf0466293daabac6f216d2af7e5bccbb91fcc1,9.14,lsp-types,Linux,X64,ubuntu24,20260720.247.2,All,edit-header,True,50,3.44,0.0,11.55,3.74,6.03,0.09,15.29,12,11,1089,8604,37726,3,312.0,30841.0
soulomoon/haskell-language-server:31681411195:1:observer-benchmark-lsp-types-ghc-9.14,2026-08-13T09:04:26.024937Z,soulomoon/haskell-language-server,31681411195,1,https://github.com/soulomoon/haskell-language-server/actions/runs/31681411195,haskell/haskell-language-server,master,16bf0466293daabac6f216d2af7e5bccbb91fcc1,https://github.com/haskell/haskell-language-server/commit/16bf0466293daabac6f216d2af7e5bccbb91fcc1,9.14,lsp-types,Linux,X64,ubuntu24,20260720.247.2,All,edit,True,50,2.03,0.0,11.28,3.85,5.98,0.09,15.14,13,11,1090,8604,37726,3,283.0,31214.0
soulomoon/haskell-language-server:31681411195:1:observer-benchmark-lsp-types-ghc-9.14,2026-08-13T09:04:26.024937Z,soulomoon/haskell-language-server,31681411195,1,https://github.com/soulomoon/haskell-language-server/actions/runs/31681411195,haskell/haskell-language-server,master,16bf0466293daabac6f216d2af7e5bccbb91fcc1,https://github.com/haskell/haskell-language-server/commit/16bf0466293daabac6f216d2af7e5bccbb91fcc1,9.14,lsp-types,Linux,X64,ubuntu24,20260720.247.2,All,hover,True,50,2.6,0.0,1.78,4.15,5.77,0.0,5.93,5873,5872,5873,8606,37734,3,296.0,14522.0
soulomoon/haskell-language-server:31681411195:1:observer-benchmark-lsp-types-ghc-9.14,2026-08-13T09:04:26.024937Z,soulomoon/haskell-language-server,31681411195,1,https://github.com/soulomoon/haskell-language-server/actions/runs/31681411195,haskell/haskell-language-server,master,16bf0466293daabac6f216d2af7e5bccbb91fcc1,https://github.com/haskell/haskell-language-server/commit/16bf0466293daabac6f216d2af7e5bccbb91fcc1,9.14,lsp-types,Linux,X64,ubuntu24,20260720.247.2,All,semanticTokens,True,50,2.62,0.0,20.67,3.77,6.0,0.19,24.44,10,9,1089,8608,37738,3,323.0,45643.0
soulomoon/haskell-language-server:31681411195:1:observer-benchmark-lsp-types-ghc-9.14,2026-08-13T09:04:26.024937Z,soulomoon/haskell-language-server,31681411195,1,https://github.com/soulomoon/haskell-language-server/actions/runs/31681411195,haskell/haskell-language-server,master,16bf0466293daabac6f216d2af7e5bccbb91fcc1,https://github.com/haskell/haskell-language-server/commit/16bf0466293daabac6f216d2af7e5bccbb91fcc1,9.14,lsp-types,Linux,X64,ubuntu24,20260720.247.2,All,semanticTokens after typing burst,True,50,1.93,0.0,63.59,3.89,7.41,0.61,67.48,20,18,1097,8608,37738,3,346.0,97533.0
soulomoon/haskell-language-server:31681411195:1:observer-benchmark-lsp-types-ghc-9.14,2026-08-13T09:04:26.024937Z,soulomoon/haskell-language-server,31681411195,1,https://github.com/soulomoon/haskell-language-server/actions/runs/31681411195,haskell/haskell-language-server,master,16bf0466293daabac6f216d2af7e5bccbb91fcc1,https://github.com/haskell/haskell-language-server/commit/16bf0466293daabac6f216d2af7e5bccbb91fcc1,9.14,lsp-types,Linux,X64,ubuntu24,20260720.247.2,All,hover after edit,True,50,2.28,0.0,2.45,12.83,5.94,0.0,15.28,18,16,1095,8606,37734,3,314.0,33833.0
soulomoon/haskell-language-server:31681411195:1:observer-benchmark-lsp-types-ghc-9.14,2026-08-13T09:04:26.024937Z,soulomoon/haskell-language-server,31681411195,1,https://github.com/soulomoon/haskell-language-server/actions/runs/31681411195,haskell/haskell-language-server,master,16bf0466293daabac6f216d2af7e5bccbb91fcc1,https://github.com/haskell/haskell-language-server/commit/16bf0466293daabac6f216d2af7e5bccbb91fcc1,9.14,lsp-types,Linux,X64,ubuntu24,20260720.247.2,All,hover after typing burst,True,50,2.44,0.0,52.93,12.41,6.31,0.51,65.35,18,16,1095,8606,37734,3,335.0,97077.0
soulomoon/haskell-language-server:31681411195:1:observer-benchmark-lsp-types-ghc-9.14,2026-08-13T09:04:26.024937Z,soulomoon/haskell-language-server,31681411195,1,https://github.com/soulomoon/haskell-language-server/actions/runs/31681411195,haskell/haskell-language-server,master,16bf0466293daabac6f216d2af7e5bccbb91fcc1,https://github.com/haskell/haskell-language-server/commit/16bf0466293daabac6f216d2af7e5bccbb91fcc1,9.14,lsp-types,Linux,X64,ubuntu24,20260720.247.2,All,getDefinition,True,50,2.69,0.0,1.65,3.91,5.3,0.0,5.57,5429,5428,5429,8612,37746,3,286.0,15057.0
soulomoon/haskell-language-server:31681411195:1:observer-benchmark-lsp-types-ghc-9.14,2026-08-13T09:04:26.024937Z,soulomoon/haskell-language-server,31681411195,1,https://github.com/soulomoon/haskell-language-server/actions/runs/31681411195,haskell/haskell-language-server,master,16bf0466293daabac6f216d2af7e5bccbb91fcc1,https://github.com/haskell/haskell-language-server/commit/16bf0466293daabac6f216d2af7e5bccbb91fcc1,9.14,lsp-types,Linux,X64,ubuntu24,20260720.247.2,All,getDefinition after edit,True,50,2.42,0.0,2.86,10.64,5.68,0.01,13.5,16,14,1099,8612,37746,3,318.0,29195.0
soulomoon/haskell-language-server:31681411195:1:observer-benchmark-lsp-types-ghc-9.14,2026-08-13T09:04:26.024937Z,soulomoon/haskell-language-server,31681411195,1,https://github.com/soulomoon/haskell-language-server/actions/runs/31681411195,haskell/haskell-language-server,master,16bf0466293daabac6f216d2af7e5bccbb91fcc1,https://github.com/haskell/haskell-language-server/commit/16bf0466293daabac6f216d2af7e5bccbb91fcc1,9.14,lsp-types,Linux,X64,ubuntu24,20260720.247.2,All,getDefinition after typing burst,True,50,2.18,0.0,54.0,10.5,7.09,0.52,64.51,16,14,1099,8612,37746,3,381.0,93287.0
soulomoon/haskell-language-server:31681411195:1:observer-benchmark-lsp-types-ghc-9.14,2026-08-13T09:04:26.024937Z,soulomoon/haskell-language-server,31681411195,1,https://github.com/soulomoon/haskell-language-server/actions/runs/31681411195,haskell/haskell-language-server,master,16bf0466293daabac6f216d2af7e5bccbb91fcc1,https://github.com/haskell/haskell-language-server/commit/16bf0466293daabac6f216d2af7e5bccbb91fcc1,9.14,lsp-types,Linux,X64,ubuntu24,20260720.247.2,All,completions,True,50,2.37,0.0,4.29,3.65,5.81,0.02,7.94,6805,6804,6806,8608,37730,3,321.0,20129.0
soulomoon/haskell-language-server:31681411195:1:observer-benchmark-lsp-types-ghc-9.14,2026-08-13T09:04:26.024937Z,soulomoon/haskell-language-server,31681411195,1,https://github.com/soulomoon/haskell-language-server/actions/runs/31681411195,haskell/haskell-language-server,master,16bf0466293daabac6f216d2af7e5bccbb91fcc1,https://github.com/haskell/haskell-language-server/commit/16bf0466293daabac6f216d2af7e5bccbb91fcc1,9.14,lsp-types,Linux,X64,ubuntu24,20260720.247.2,All,completions after edit,True,50,2.25,0.0,8.46,7.58,6.16,0.06,16.05,20,18,1097,8608,37730,4,328.0,35034.0
soulomoon/haskell-language-server:31681411195:1:observer-benchmark-lsp-types-ghc-9.14,2026-08-13T09:04:26.024937Z,soulomoon/haskell-language-server,31681411195,1,https://github.com/soulomoon/haskell-language-server/actions/runs/31681411195,haskell/haskell-language-server,master,16bf0466293daabac6f216d2af7e5bccbb91fcc1,https://github.com/haskell/haskell-language-server/commit/16bf0466293daabac6f216d2af7e5bccbb91fcc1,9.14,lsp-types,Linux,X64,ubuntu24,20260720.247.2,All,completions after typing burst,True,50,2.66,0.0,57.29,7.71,6.62,0.56,65.0,20,18,1097,8608,37730,4,360.0,97071.0
soulomoon/haskell-language-server:31681411195:1:observer-benchmark-lsp-types-ghc-9.14,2026-08-13T09:04:26.024937Z,soulomoon/haskell-language-server,31681411195,1,https://github.com/soulomoon/haskell-language-server/actions/runs/31681411195,haskell/haskell-language-server,master,16bf0466293daabac6f216d2af7e5bccbb91fcc1,https://github.com/haskell/haskell-language-server/commit/16bf0466293daabac6f216d2af7e5bccbb91fcc1,9.14,lsp-types,Linux,X64,ubuntu24,20260720.247.2,All,code actions,True,50,2.53,0.0,1.99,4.11,5.62,0.0,6.11,5893,5892,5893,8626,37780,3,342.0,15411.0
soulomoon/haskell-language-server:31681411195:1:observer-benchmark-lsp-types-ghc-9.14,2026-08-13T09:04:26.024937Z,soulomoon/haskell-language-server,31681411195,1,https://github.com/soulomoon/haskell-language-server/actions/runs/31681411195,haskell/haskell-language-server,master,16bf0466293daabac6f216d2af7e5bccbb91fcc1,https://github.com/haskell/haskell-language-server/commit/16bf0466293daabac6f216d2af7e5bccbb91fcc1,9.14,lsp-types,Linux,X64,ubuntu24,20260720.247.2,All,code actions after edit,True,50,2.12,0.0,12.92,3.54,6.22,0.1,16.46,21,17,1100,8626,37780,3,283.0,33520.0
soulomoon/haskell-language-server:31681411195:1:observer-benchmark-lsp-types-ghc-9.14,2026-08-13T09:04:26.024937Z,soulomoon/haskell-language-server,31681411195,1,https://github.com/soulomoon/haskell-language-server/actions/runs/31681411195,haskell/haskell-language-server,master,16bf0466293daabac6f216d2af7e5bccbb91fcc1,https://github.com/haskell/haskell-language-server/commit/16bf0466293daabac6f216d2af7e5bccbb91fcc1,9.14,lsp-types,Linux,X64,ubuntu24,20260720.247.2,All,code actions after typing burst,True,50,2.36,0.0,60.75,4.08,6.99,0.59,64.84,24,20,1103,8626,37780,3,321.0,93904.0
soulomoon/haskell-language-server:31681411195:1:observer-benchmark-lsp-types-ghc-9.14,2026-08-13T09:04:26.024937Z,soulomoon/haskell-language-server,31681411195,1,https://github.com/soulomoon/haskell-language-server/actions/runs/31681411195,haskell/haskell-language-server,master,16bf0466293daabac6f216d2af7e5bccbb91fcc1,https://github.com/haskell/haskell-language-server/commit/16bf0466293daabac6f216d2af7e5bccbb91fcc1,9.14,lsp-types,Linux,X64,ubuntu24,20260720.247.2,All,code actions after cradle edit,True,50,2.3,0.0,178.88,6.52,9.11,1.78,185.4,2757,1408,5907,8626,37352,101,499.0,360185.0
soulomoon/haskell-language-server:31681411195:1:observer-benchmark-lsp-types-ghc-9.14,2026-08-13T09:04:26.024937Z,soulomoon/haskell-language-server,31681411195,1,https://github.com/soulomoon/haskell-language-server/actions/runs/31681411195,haskell/haskell-language-server,master,16bf0466293daabac6f216d2af7e5bccbb91fcc1,https://github.com/haskell/haskell-language-server/commit/16bf0466293daabac6f216d2af7e5bccbb91fcc1,9.14,lsp-types,Linux,X64,ubuntu24,20260720.247.2,All,documentSymbols after edit,True,50,1.79,0.0,5.08,6.64,6.05,0.05,11.73,16,14,1093,8604,37726,3,311.0,23785.0
soulomoon/haskell-language-server:31681411195:1:observer-benchmark-lsp-types-ghc-9.14,2026-08-13T09:04:26.024937Z,soulomoon/haskell-language-server,31681411195,1,https://github.com/soulomoon/haskell-language-server/actions/runs/31681411195,haskell/haskell-language-server,master,16bf0466293daabac6f216d2af7e5bccbb91fcc1,https://github.com/haskell/haskell-language-server/commit/16bf0466293daabac6f216d2af7e5bccbb91fcc1,9.14,lsp-types,Linux,X64,ubuntu24,20260720.247.2,All,documentSymbols after typing burst,True,50,2.09,0.0,55.13,6.63,7.37,0.55,61.76,16,14,1093,8604,37726,3,323.0,89517.0
soulomoon/haskell-language-server:31681411195:1:observer-benchmark-lsp-types-ghc-9.14,2026-08-13T09:04:26.024937Z,soulomoon/haskell-language-server,31681411195,1,https://github.com/soulomoon/haskell-language-server/actions/runs/31681411195,haskell/haskell-language-server,master,16bf0466293daabac6f216d2af7e5bccbb91fcc1,https://github.com/haskell/haskell-language-server/commit/16bf0466293daabac6f216d2af7e5bccbb91fcc1,9.14,lsp-types,Linux,X64,ubuntu24,20260720.247.2,All,hole fit suggestions,True,50,2.15,0.0,11.12,4.12,6.5,0.09,15.24,16,14,1093,8604,37726,9,293.0,31535.0
soulomoon/haskell-language-server:31681411195:1:observer-benchmark-lsp-types-ghc-9.14,2026-08-13T09:04:26.024937Z,soulomoon/haskell-language-server,31681411195,1,https://github.com/soulomoon/haskell-language-server/actions/runs/31681411195,haskell/haskell-language-server,master,16bf0466293daabac6f216d2af7e5bccbb91fcc1,https://github.com/haskell/haskell-language-server/commit/16bf0466293daabac6f216d2af7e5bccbb91fcc1,9.14,lsp-types,Linux,X64,ubuntu24,20260720.247.2,All,eval execute single-line code lens,True,50,2.21,0.0,20.9,4.22,8.32,0.17,25.12,3,2,1087,8631,37810,13,368.0,50866.0
soulomoon/haskell-language-server:31681411195:1:observer-benchmark-lsp-types-ghc-9.14,2026-08-13T09:04:26.024937Z,soulomoon/haskell-language-server,31681411195,1,https://github.com/soulomoon/haskell-language-server/actions/runs/31681411195,haskell/haskell-language-server,master,16bf0466293daabac6f216d2af7e5bccbb91fcc1,https://github.com/haskell/haskell-language-server/commit/16bf0466293daabac6f216d2af7e5bccbb91fcc1,9.14,lsp-types,Linux,X64,ubuntu24,20260720.247.2,All,eval execute multi-line code lens,True,50,1.97,0.0,21.38,4.69,8.6,0.18,26.08,3,2,1087,8631,37810,12,329.0,52087.0
soulomoon/haskell-language-server:31681411195:1:observer-benchmark-lsp-types-ghc-9.12,2026-08-13T09:07:07.689799Z,soulomoon/haskell-language-server,31681411195,1,https://github.com/soulomoon/haskell-language-server/actions/runs/31681411195,haskell/haskell-language-server,master,16bf0466293daabac6f216d2af7e5bccbb91fcc1,https://github.com/haskell/haskell-language-server/commit/16bf0466293daabac6f216d2af7e5bccbb91fcc1,9.12,lsp-types,Linux,X64,ubuntu24,20260810.271.1,All,edit-header,True,50,4.29,0.0,16.93,0.52,3.06,0.15,17.46,16,15,1093,8419,30536,2,236.0,43301.0
soulomoon/haskell-language-server:31681411195:1:observer-benchmark-lsp-types-ghc-9.12,2026-08-13T09:07:07.689799Z,soulomoon/haskell-language-server,31681411195,1,https://github.com/soulomoon/haskell-language-server/actions/runs/31681411195,haskell/haskell-language-server,master,16bf0466293daabac6f216d2af7e5bccbb91fcc1,https://github.com/haskell/haskell-language-server/commit/16bf0466293daabac6f216d2af7e5bccbb91fcc1,9.12,lsp-types,Linux,X64,ubuntu24,20260810.271.1,All,edit,True,50,3.5,0.0,17.07,0.46,2.42,0.15,17.55,16,15,1092,8419,30536,2,234.0,44592.0
soulomoon/haskell-language-server:31681411195:1:observer-benchmark-lsp-types-ghc-9.12,2026-08-13T09:07:07.689799Z,soulomoon/haskell-language-server,31681411195,1,https://github.com/soulomoon/haskell-language-server/actions/runs/31681411195,haskell/haskell-language-server,master,16bf0466293daabac6f216d2af7e5bccbb91fcc1,https://github.com/haskell/haskell-language-server/commit/16bf0466293daabac6f216d2af7e5bccbb91fcc1,9.12,lsp-types,Linux,X64,ubuntu24,20260810.271.1,All,hover,True,50,3.13,0.0,2.56,0.43,2.7,0.0,3.0,6570,6569,6571,8421,30544,2,212.0,11162.0
soulomoon/haskell-language-server:31681411195:1:observer-benchmark-lsp-types-ghc-9.12,2026-08-13T09:07:07.689799Z,soulomoon/haskell-language-server,31681411195,1,https://github.com/soulomoon/haskell-language-server/actions/runs/31681411195,haskell/haskell-language-server,master,16bf0466293daabac6f216d2af7e5bccbb91fcc1,https://github.com/haskell/haskell-language-server/commit/16bf0466293daabac6f216d2af7e5bccbb91fcc1,9.12,lsp-types,Linux,X64,ubuntu24,20260810.271.1,All,semanticTokens,True,50,2.64,0.0,26.32,0.61,3.54,0.24,26.94,13,12,1092,8423,30548,2,239.0,65693.0
soulomoon/haskell-language-server:31681411195:1:observer-benchmark-lsp-types-ghc-9.12,2026-08-13T09:07:07.689799Z,soulomoon/haskell-language-server,31681411195,1,https://github.com/soulomoon/haskell-language-server/actions/runs/31681411195,haskell/haskell-language-server,master,16bf0466293daabac6f216d2af7e5bccbb91fcc1,https://github.com/haskell/haskell-language-server/commit/16bf0466293daabac6f216d2af7e5bccbb91fcc1,9.12,lsp-types,Linux,X64,ubuntu24,20260810.271.1,All,semanticTokens after typing burst,True,50,3.06,0.0,69.73,0.51,4.28,0.67,70.25,24,22,1101,8423,30548,2,241.0,169745.0
soulomoon/haskell-language-server:31681411195:1:observer-benchmark-lsp-types-ghc-9.12,2026-08-13T09:07:07.689799Z,soulomoon/haskell-language-server,31681411195,1,https://github.com/soulomoon/haskell-language-server/actions/runs/31681411195,haskell/haskell-language-server,master,16bf0466293daabac6f216d2af7e5bccbb91fcc1,https://github.com/haskell/haskell-language-server/commit/16bf0466293daabac6f216d2af7e5bccbb91fcc1,9.12,lsp-types,Linux,X64,ubuntu24,20260810.271.1,All,hover after edit,True,50,3.53,0.0,2.3,14.85,2.23,0.01,17.15,22,20,1099,8421,30544,2,240.0,45238.0
soulomoon/haskell-language-server:31681411195:1:observer-benchmark-lsp-types-ghc-9.12,2026-08-13T09:07:07.689799Z,soulomoon/haskell-language-server,31681411195,1,https://github.com/soulomoon/haskell-language-server/actions/runs/31681411195,haskell/haskell-language-server,master,16bf0466293daabac6f216d2af7e5bccbb91fcc1,https://github.com/haskell/haskell-language-server/commit/16bf0466293daabac6f216d2af7e5bccbb91fcc1,9.12,lsp-types,Linux,X64,ubuntu24,20260810.271.1,All,hover after typing burst,True,50,3.01,0.0,55.25,11.25,3.9,0.53,66.51,22,20,1099,8421,30544,2,241.0,171257.0
soulomoon/haskell-language-server:31681411195:1:observer-benchmark-lsp-types-ghc-9.12,2026-08-13T09:07:07.689799Z,soulomoon/haskell-language-server,31681411195,1,https://github.com/soulomoon/haskell-language-server/actions/runs/31681411195,haskell/haskell-language-server,master,16bf0466293daabac6f216d2af7e5bccbb91fcc1,https://github.com/haskell/haskell-language-server/commit/16bf0466293daabac6f216d2af7e5bccbb91fcc1,9.12,lsp-types,Linux,X64,ubuntu24,20260810.271.1,All,getDefinition,True,50,3.47,0.0,2.59,0.3,2.44,0.0,2.89,5668,5667,5668,8427,30556,2,201.0,11610.0
soulomoon/haskell-language-server:31681411195:1:observer-benchmark-lsp-types-ghc-9.12,2026-08-13T09:07:07.689799Z,soulomoon/haskell-language-server,31681411195,1,https://github.com/soulomoon/haskell-language-server/actions/runs/31681411195,haskell/haskell-language-server,master,16bf0466293daabac6f216d2af7e5bccbb91fcc1,https://github.com/haskell/haskell-language-server/commit/16bf0466293daabac6f216d2af7e5bccbb91fcc1,9.12,lsp-types,Linux,X64,ubuntu24,20260810.271.1,All,getDefinition after edit,True,50,3.7,0.0,5.76,9.92,2.49,0.04,15.69,20,18,1103,8427,30556,2,236.0,40930.0
soulomoon/haskell-language-server:31681411195:1:observer-benchmark-lsp-types-ghc-9.12,2026-08-13T09:07:07.689799Z,soulomoon/haskell-language-server,31681411195,1,https://github.com/soulomoon/haskell-language-server/actions/runs/31681411195,haskell/haskell-language-server,master,16bf0466293daabac6f216d2af7e5bccbb91fcc1,https://github.com/haskell/haskell-language-server/commit/16bf0466293daabac6f216d2af7e5bccbb91fcc1,9.12,lsp-types,Linux,X64,ubuntu24,20260810.271.1,All,getDefinition after typing burst,True,50,3.37,0.0,55.29,10.14,3.32,0.53,65.43,20,18,1103,8427,30556,2,238.0,164061.0
soulomoon/haskell-language-server:31681411195:1:observer-benchmark-lsp-types-ghc-9.12,2026-08-13T09:07:07.689799Z,soulomoon/haskell-language-server,31681411195,1,https://github.com/soulomoon/haskell-language-server/actions/runs/31681411195,haskell/haskell-language-server,master,16bf0466293daabac6f216d2af7e5bccbb91fcc1,https://github.com/haskell/haskell-language-server/commit/16bf0466293daabac6f216d2af7e5bccbb91fcc1,9.12,lsp-types,Linux,X64,ubuntu24,20260810.271.1,All,completions,True,50,2.41,0.0,4.74,0.51,3.19,0.02,5.26,7031,7030,7031,8422,30540,2,238.0,16473.0
soulomoon/haskell-language-server:31681411195:1:observer-benchmark-lsp-types-ghc-9.12,2026-08-13T09:07:07.689799Z,soulomoon/haskell-language-server,31681411195,1,https://github.com/soulomoon/haskell-language-server/actions/runs/31681411195,haskell/haskell-language-server,master,16bf0466293daabac6f216d2af7e5bccbb91fcc1,https://github.com/haskell/haskell-language-server/commit/16bf0466293daabac6f216d2af7e5bccbb91fcc1,9.12,lsp-types,Linux,X64,ubuntu24,20260810.271.1,All,completions after edit,True,50,2.81,0.0,11.55,5.9,3.2,0.09,17.47,24,22,1101,8423,30540,2,262.0,45815.0
soulomoon/haskell-language-server:31681411195:1:observer-benchmark-lsp-types-ghc-9.12,2026-08-13T09:07:07.689799Z,soulomoon/haskell-language-server,31681411195,1,https://github.com/soulomoon/haskell-language-server/actions/runs/31681411195,haskell/haskell-language-server,master,16bf0466293daabac6f216d2af7e5bccbb91fcc1,https://github.com/haskell/haskell-language-server/commit/16bf0466293daabac6f216d2af7e5bccbb91fcc1,9.12,lsp-types,Linux,X64,ubuntu24,20260810.271.1,All,completions after typing burst,True,50,3.18,0.0,60.43,4.49,3.83,0.58,64.93,24,22,1101,8423,30540,2,264.0,177099.0
soulomoon/haskell-language-server:31681411195:1:observer-benchmark-lsp-types-ghc-9.12,2026-08-13T09:07:07.689799Z,soulomoon/haskell-language-server,31681411195,1,https://github.com/soulomoon/haskell-language-server/actions/runs/31681411195,haskell/haskell-language-server,master,16bf0466293daabac6f216d2af7e5bccbb91fcc1,https://github.com/haskell/haskell-language-server/commit/16bf0466293daabac6f216d2af7e5bccbb91fcc1,9.12,lsp-types,Linux,X64,ubuntu24,20260810.271.1,All,code actions,True,50,2.28,0.0,2.71,0.36,2.69,0.0,3.07,7055,7054,7055,8438,30586,2,168.0,12514.0
soulomoon/haskell-language-server:31681411195:1:observer-benchmark-lsp-types-ghc-9.12,2026-08-13T09:07:07.689799Z,soulomoon/haskell-language-server,31681411195,1,https://github.com/soulomoon/haskell-language-server/actions/runs/31681411195,haskell/haskell-language-server,master,16bf0466293daabac6f216d2af7e5bccbb91fcc1,https://github.com/haskell/haskell-language-server/commit/16bf0466293daabac6f216d2af7e5bccbb91fcc1,9.12,lsp-types,Linux,X64,ubuntu24,20260810.271.1,All,code actions after edit,True,50,2.45,0.0,15.94,0.37,2.74,0.14,16.32,20,17,1098,8439,30586,2,236.0,49775.0
soulomoon/haskell-language-server:31681411195:1:observer-benchmark-lsp-types-ghc-9.12,2026-08-13T09:07:07.689799Z,soulomoon/haskell-language-server,31681411195,1,https://github.com/soulomoon/haskell-language-server/actions/runs/31681411195,haskell/haskell-language-server,master,16bf0466293daabac6f216d2af7e5bccbb91fcc1,https://github.com/haskell/haskell-language-server/commit/16bf0466293daabac6f216d2af7e5bccbb91fcc1,9.12,lsp-types,Linux,X64,ubuntu24,20260810.271.1,All,code actions after typing burst,True,50,3.01,0.0,62.73,0.53,3.11,0.61,63.27,26,22,1105,8439,30586,2,236.0,173166.0
soulomoon/haskell-language-server:31681411195:1:observer-benchmark-lsp-types-ghc-9.12,2026-08-13T09:07:07.689799Z,soulomoon/haskell-language-server,31681411195,1,https://github.com/soulomoon/haskell-language-server/actions/runs/31681411195,haskell/haskell-language-server,master,16bf0466293daabac6f216d2af7e5bccbb91fcc1,https://github.com/haskell/haskell-language-server/commit/16bf0466293daabac6f216d2af7e5bccbb91fcc1,9.12,lsp-types,Linux,X64,ubuntu24,20260810.271.1,All,code actions after cradle edit,True,50,2.48,0.0,168.25,2.03,5.18,1.67,170.29,2757,1408,5909,8439,30586,100,399.0,364924.0
soulomoon/haskell-language-server:31681411195:1:observer-benchmark-lsp-types-ghc-9.12,2026-08-13T09:07:07.689799Z,soulomoon/haskell-language-server,31681411195,1,https://github.com/soulomoon/haskell-language-server/actions/runs/31681411195,haskell/haskell-language-server,master,16bf0466293daabac6f216d2af7e5bccbb91fcc1,https://github.com/haskell/haskell-language-server/commit/16bf0466293daabac6f216d2af7e5bccbb91fcc1,9.12,lsp-types,Linux,X64,ubuntu24,20260810.271.1,All,documentSymbols after edit,True,50,3.07,0.0,7.9,3.34,2.11,0.08,11.25,20,18,1097,8419,30536,2,235.0,35357.0
soulomoon/haskell-language-server:31681411195:1:observer-benchmark-lsp-types-ghc-9.12,2026-08-13T09:07:07.689799Z,soulomoon/haskell-language-server,31681411195,1,https://github.com/soulomoon/haskell-language-server/actions/runs/31681411195,haskell/haskell-language-server,master,16bf0466293daabac6f216d2af7e5bccbb91fcc1,https://github.com/haskell/haskell-language-server/commit/16bf0466293daabac6f216d2af7e5bccbb91fcc1,9.12,lsp-types,Linux,X64,ubuntu24,20260810.271.1,All,documentSymbols after typing burst,True,50,2.45,0.0,57.93,3.39,3.71,0.58,61.33,20,18,1097,8418,30536,2,237.0,167847.0
soulomoon/haskell-language-server:31681411195:1:observer-benchmark-lsp-types-ghc-9.12,2026-08-13T09:07:07.689799Z,soulomoon/haskell-language-server,31681411195,1,https://github.com/soulomoon/haskell-language-server/actions/runs/31681411195,haskell/haskell-language-server,master,16bf0466293daabac6f216d2af7e5bccbb91fcc1,https://github.com/haskell/haskell-language-server/commit/16bf0466293daabac6f216d2af7e5bccbb91fcc1,9.12,lsp-types,Linux,X64,ubuntu24,20260810.271.1,All,hole fit suggestions,True,50,2.68,0.0,14.25,5.07,7.37,0.12,19.33,20,18,1097,8846,38048,10,367.0,48841.0
soulomoon/haskell-language-server:31681411195:1:observer-benchmark-lsp-types-ghc-9.12,2026-08-13T09:07:07.689799Z,soulomoon/haskell-language-server,31681411195,1,https://github.com/soulomoon/haskell-language-server/actions/runs/31681411195,haskell/haskell-language-server,master,16bf0466293daabac6f216d2af7e5bccbb91fcc1,https://github.com/haskell/haskell-language-server/commit/16bf0466293daabac6f216d2af7e5bccbb91fcc1,9.12,lsp-types,Linux,X64,ubuntu24,20260810.271.1,All,eval execute single-line code lens,True,50,3.01,0.0,25.27,5.85,9.56,0.21,31.13,4,3,1090,8871,38128,18,336.0,79897.0
soulomoon/haskell-language-server:31681411195:1:observer-benchmark-lsp-types-ghc-9.12,2026-08-13T09:07:07.689799Z,soulomoon/haskell-language-server,31681411195,1,https://github.com/soulomoon/haskell-language-server/actions/runs/31681411195,haskell/haskell-language-server,master,16bf0466293daabac6f216d2af7e5bccbb91fcc1,https://github.com/haskell/haskell-language-server/commit/16bf0466293daabac6f216d2af7e5bccbb91fcc1,9.12,lsp-types,Linux,X64,ubuntu24,20260810.271.1,All,eval execute multi-line code lens,True,50,3.08,0.0,24.41,5.28,8.13,0.21,29.7,5,4,1090,8871,38128,14,339.0,77900.0
